AgentId,Start,Seed,Floor,Reward,Steps,Time
0,0,9,0,0.0,601,53.630406099999995
0,0,86,1,1.0,801,45.328444999999995
0,0,43,0,0.0,601,33.8304763
0,0,54,0,0.0,601,26.7412011
0,0,86,0,0.0,601,19.7020261
0,0,44,0,0.0,601,12.0587497
0,0,63,0,0.0,601,35.8306724
0,0,13,1,1.2,801,29.973598600000006
0,0,16,0,0.0,601,21.337859400000006
0,0,82,0,0.0,601,15.6211415
0,0,87,0,0.0,601,9.9055896
